Email,Subject,Message
syedamira6@gmail.com,abc,"kala kala stargi torawa
"
histriologyofficial@gmail.com,def,kala kala zrona takhtawa
,,
x@x.com,ghi,wa janana dumra kho kawa
,,
a@gmail.com,jkl,ma charta pa heera yadawa
b@gmail.com,mno,kabhi aao na khushbo laga k
,,
c@gmail.com,pqr,maa ki dua jannat ki hawa
d@gmail.com,tuv,asdlkdjfjfsdkljfsd;lfjkasd;lfjasd;fjd
,,
e@gmail.com,wxyz,akldjffeesdjlskjfs
,,
f@gmail.com,1234,a 2 z
,,
g@gmail.com,56781,adjkldjfsdkljfklaj
,,
h@gmail.com,43234,dkslfjlasdjfljfsdjk;f
,,
i@gmail.com,54321233,
j@gmail.com,123,abcdefghijklmnopqrtuvwxyz
k@gmail.com,456,elephant
l@gmail.com,789,eagle and 
m@gmail.com,101112,Aeroplane and hawai jaahaaz
x@x.com,qwerty,hi!! I love you
